Monday	Nila	Sahyadri	8:30	2
Monday	Nila	Sahyadri	9:25	1
Monday	Nila	Sahyadri	9:45	1
Monday	Nila	Sahyadri	10:20	1
Monday	Nila	Sahyadri	10:45	1
Monday	Nila	Sahyadri	11:15	1
Monday	Nila	Sahyadri	11:50	2
Monday	Nila	Sahyadri	12:15	1
Monday	Nila	Sahyadri	12:30	2
Monday	Nila	Sahyadri	13:00	2
Monday	Nila	Sahyadri	13:30	2
Monday	Nila	Sahyadri	13:45	2
Monday	Nila	Sahyadri	14:15	1
Monday	Nila	Sahyadri	14:45	1
Monday	Nila	Sahyadri	15:20	1
Monday	Nila	Sahyadri	15:45	1
Monday	Nila	Sahyadri	16:30	1
Monday	Nila	Sahyadri	17:00	1
Monday	Nila	Sahyadri	17:15	2
Monday	Nila	Sahyadri	17:45	1
Monday	Nila	Sahyadri	18:00	1
Monday	Nila	Sahyadri	18:30	1
Monday	Nila	Sahyadri	19:00	1
Monday	Nila	Sahyadri	19:30	1
Monday	Nila	Sahyadri	20:00	2
Monday	Nila	Sahyadri	20:30	1
Monday	Nila	Sahyadri	21:00	1
Monday	Nila	Sahyadri	22:00	1
Monday	Nila	Sahyadri	23:00	1
Monday	Nila	Sahyadri	23:00	1
Monday	Nila	Sahyadri	0:00	1
Monday	Sahyadri	Nila	7:45	1
Monday	Sahyadri	Nila	8:15	1
Monday	Sahyadri	Nila	8:30	2
Monday	Sahyadri	Nila	8:45	1
Monday	Sahyadri	Nila	9:00	2
Monday	Sahyadri	Nila	9:25	1
Monday	Sahyadri	Nila	9:45	1
Monday	Sahyadri	Nila	10:20	2
Monday	Sahyadri	Nila	10:45	1
Monday	Sahyadri	Nila	11:15	1
Monday	Sahyadri	Nila	11:50	2
Monday	Sahyadri	Nila	12:15	1
Monday	Sahyadri	Nila	12:30	2
Monday	Sahyadri	Nila	13:00	1
Monday	Sahyadri	Nila	13:30	2
Monday	Sahyadri	Nila	13:45	2
Monday	Sahyadri	Nila	14:15	1
Monday	Sahyadri	Nila	14:45	1
Monday	Sahyadri	Nila	15:20	2
Monday	Sahyadri	Nila	15:45	1
Monday	Sahyadri	Nila	16:30	1
Monday	Sahyadri	Nila	17:00	1
Monday	Sahyadri	Nila	17:15	2
Monday	Sahyadri	Nila	17:45	1
Monday	Sahyadri	Nila	18:00	1
Monday	Sahyadri	Nila	18:30	1
Monday	Sahyadri	Nila	19:00	1
Monday	Sahyadri	Nila	19:30	1
Monday	Sahyadri	Nila	20:00	2
Monday	Sahyadri	Nila	21:15	1
Monday	Sahyadri	Nila	22:15	1
Monday	Sahyadri	Nila	23:15	2
Monday	Sahyadri	Nila	23:15	2
Tuesday	Nila	Sahyadri	8:30	2
Tuesday	Nila	Sahyadri	9:25	1
Tuesday	Nila	Sahyadri	9:45	1
Tuesday	Nila	Sahyadri	10:20	1
Tuesday	Nila	Sahyadri	10:45	1
Tuesday	Nila	Sahyadri	11:15	1
Tuesday	Nila	Sahyadri	11:50	2
Tuesday	Nila	Sahyadri	12:15	1
Tuesday	Nila	Sahyadri	12:30	2
Tuesday	Nila	Sahyadri	13:00	2
Tuesday	Nila	Sahyadri	13:30	2
Tuesday	Nila	Sahyadri	13:45	2
Tuesday	Nila	Sahyadri	14:15	1
Tuesday	Nila	Sahyadri	14:45	1
Tuesday	Nila	Sahyadri	15:20	1
Tuesday	Nila	Sahyadri	15:45	1
Tuesday	Nila	Sahyadri	16:30	1
Tuesday	Nila	Sahyadri	17:00	1
Tuesday	Nila	Sahyadri	17:15	2
Tuesday	Nila	Sahyadri	17:45	1
Tuesday	Nila	Sahyadri	18:00	1
Tuesday	Nila	Sahyadri	18:30	1
Tuesday	Nila	Sahyadri	19:00	1
Tuesday	Nila	Sahyadri	19:30	1
Tuesday	Nila	Sahyadri	20:00	2
Tuesday	Nila	Sahyadri	20:30	1
Tuesday	Nila	Sahyadri	21:00	1
Tuesday	Nila	Sahyadri	22:00	1
Tuesday	Nila	Sahyadri	23:00	1
Tuesday	Nila	Sahyadri	23:00	1
Tuesday	Nila	Sahyadri	0:00	1
Tuesday	Sahyadri	Nila	7:45	1
Tuesday	Sahyadri	Nila	8:15	1
Tuesday	Sahyadri	Nila	8:30	2
Tuesday	Sahyadri	Nila	8:45	1
Tuesday	Sahyadri	Nila	9:00	2
Tuesday	Sahyadri	Nila	9:25	1
Tuesday	Sahyadri	Nila	9:45	1
Tuesday	Sahyadri	Nila	10:20	2
Tuesday	Sahyadri	Nila	10:45	1
Tuesday	Sahyadri	Nila	11:15	1
Tuesday	Sahyadri	Nila	11:50	2
Tuesday	Sahyadri	Nila	12:15	1
Tuesday	Sahyadri	Nila	12:30	2
Tuesday	Sahyadri	Nila	13:00	1
Tuesday	Sahyadri	Nila	13:30	2
Tuesday	Sahyadri	Nila	13:45	2
Tuesday	Sahyadri	Nila	14:15	1
Tuesday	Sahyadri	Nila	14:45	1
Tuesday	Sahyadri	Nila	15:20	2
Tuesday	Sahyadri	Nila	15:45	1
Tuesday	Sahyadri	Nila	16:30	1
Tuesday	Sahyadri	Nila	17:00	1
Tuesday	Sahyadri	Nila	17:15	2
Tuesday	Sahyadri	Nila	17:45	1
Tuesday	Sahyadri	Nila	18:00	1
Tuesday	Sahyadri	Nila	18:30	1
Tuesday	Sahyadri	Nila	19:00	1
Tuesday	Sahyadri	Nila	19:30	1
Tuesday	Sahyadri	Nila	20:00	2
Tuesday	Sahyadri	Nila	21:15	1
Tuesday	Sahyadri	Nila	22:15	1
Tuesday	Sahyadri	Nila	23:15	2
Tuesday	Sahyadri	Nila	23:15	2
Wednesday	Nila	Sahyadri	8:30	2
Wednesday	Nila	Sahyadri	9:25	1
Wednesday	Nila	Sahyadri	9:45	1
Wednesday	Nila	Sahyadri	10:20	1
Wednesday	Nila	Sahyadri	10:45	1
Wednesday	Nila	Sahyadri	11:15	1
Wednesday	Nila	Sahyadri	11:50	2
Wednesday	Nila	Sahyadri	12:15	1
Wednesday	Nila	Sahyadri	12:30	2
Wednesday	Nila	Sahyadri	13:00	2
Wednesday	Nila	Sahyadri	13:30	2
Wednesday	Nila	Sahyadri	13:45	2
Wednesday	Nila	Sahyadri	14:15	1
Wednesday	Nila	Sahyadri	14:45	1
Wednesday	Nila	Sahyadri	15:20	1
Wednesday	Nila	Sahyadri	15:45	1
Wednesday	Nila	Sahyadri	16:30	1
Wednesday	Nila	Sahyadri	17:00	1
Wednesday	Nila	Sahyadri	17:15	2
Wednesday	Nila	Sahyadri	17:45	1
Wednesday	Nila	Sahyadri	18:00	1
Wednesday	Nila	Sahyadri	18:30	1
Wednesday	Nila	Sahyadri	19:00	1
Wednesday	Nila	Sahyadri	19:30	1
Wednesday	Nila	Sahyadri	20:00	2
Wednesday	Nila	Sahyadri	20:30	1
Wednesday	Nila	Sahyadri	21:00	1
Wednesday	Nila	Sahyadri	22:00	1
Wednesday	Nila	Sahyadri	23:00	1
Wednesday	Nila	Sahyadri	23:00	1
Wednesday	Nila	Sahyadri	0:00	1
Wednesday	Sahyadri	Nila	7:45	1
Wednesday	Sahyadri	Nila	8:15	1
Wednesday	Sahyadri	Nila	8:30	2
Wednesday	Sahyadri	Nila	8:45	1
Wednesday	Sahyadri	Nila	9:00	2
Wednesday	Sahyadri	Nila	9:25	1
Wednesday	Sahyadri	Nila	9:45	1
Wednesday	Sahyadri	Nila	10:20	2
Wednesday	Sahyadri	Nila	10:45	1
Wednesday	Sahyadri	Nila	11:15	1
Wednesday	Sahyadri	Nila	11:50	2
Wednesday	Sahyadri	Nila	12:15	1
Wednesday	Sahyadri	Nila	12:30	2
Wednesday	Sahyadri	Nila	13:00	1
Wednesday	Sahyadri	Nila	13:30	2
Wednesday	Sahyadri	Nila	13:45	2
Wednesday	Sahyadri	Nila	14:15	1
Wednesday	Sahyadri	Nila	14:45	1
Wednesday	Sahyadri	Nila	15:20	2
Wednesday	Sahyadri	Nila	15:45	1
Wednesday	Sahyadri	Nila	16:30	1
Wednesday	Sahyadri	Nila	17:00	1
Wednesday	Sahyadri	Nila	17:15	2
Wednesday	Sahyadri	Nila	17:45	1
Wednesday	Sahyadri	Nila	18:00	1
Wednesday	Sahyadri	Nila	18:30	1
Wednesday	Sahyadri	Nila	19:00	1
Wednesday	Sahyadri	Nila	19:30	1
Wednesday	Sahyadri	Nila	20:00	2
Wednesday	Sahyadri	Nila	21:15	1
Wednesday	Sahyadri	Nila	22:15	1
Wednesday	Sahyadri	Nila	23:15	2
Wednesday	Sahyadri	Nila	23:15	2
Thursday	Nila	Sahyadri	8:30	2
Thursday	Nila	Sahyadri	9:25	1
Thursday	Nila	Sahyadri	9:45	1
Thursday	Nila	Sahyadri	10:20	1
Thursday	Nila	Sahyadri	10:45	1
Thursday	Nila	Sahyadri	11:15	1
Thursday	Nila	Sahyadri	11:50	2
Thursday	Nila	Sahyadri	12:15	1
Thursday	Nila	Sahyadri	12:30	2
Thursday	Nila	Sahyadri	13:00	2
Thursday	Nila	Sahyadri	13:30	2
Thursday	Nila	Sahyadri	13:45	2
Thursday	Nila	Sahyadri	14:15	1
Thursday	Nila	Sahyadri	14:45	1
Thursday	Nila	Sahyadri	15:20	1
Thursday	Nila	Sahyadri	15:45	1
Thursday	Nila	Sahyadri	16:30	1
Thursday	Nila	Sahyadri	17:00	1
Thursday	Nila	Sahyadri	17:15	2
Thursday	Nila	Sahyadri	17:45	1
Thursday	Nila	Sahyadri	18:00	1
Thursday	Nila	Sahyadri	18:30	1
Thursday	Nila	Sahyadri	19:00	1
Thursday	Nila	Sahyadri	19:30	1
Thursday	Nila	Sahyadri	20:00	2
Thursday	Nila	Sahyadri	20:30	1
Thursday	Nila	Sahyadri	21:00	1
Thursday	Nila	Sahyadri	22:00	1
Thursday	Nila	Sahyadri	23:00	1
Thursday	Nila	Sahyadri	23:00	1
Thursday	Nila	Sahyadri	0:00	1
Thursday	Sahyadri	Nila	7:45	1
Thursday	Sahyadri	Nila	8:15	1
Thursday	Sahyadri	Nila	8:30	2
Thursday	Sahyadri	Nila	8:45	1
Thursday	Sahyadri	Nila	9:00	2
Thursday	Sahyadri	Nila	9:25	1
Thursday	Sahyadri	Nila	9:45	1
Thursday	Sahyadri	Nila	10:20	2
Thursday	Sahyadri	Nila	10:45	1
Thursday	Sahyadri	Nila	11:15	1
Thursday	Sahyadri	Nila	11:50	2
Thursday	Sahyadri	Nila	12:15	1
Thursday	Sahyadri	Nila	12:30	2
Thursday	Sahyadri	Nila	13:00	1
Thursday	Sahyadri	Nila	13:30	2
Thursday	Sahyadri	Nila	13:45	2
Thursday	Sahyadri	Nila	14:15	1
Thursday	Sahyadri	Nila	14:45	1
Thursday	Sahyadri	Nila	15:20	2
Thursday	Sahyadri	Nila	15:45	1
Thursday	Sahyadri	Nila	16:30	1
Thursday	Sahyadri	Nila	17:00	1
Thursday	Sahyadri	Nila	17:15	2
Thursday	Sahyadri	Nila	17:45	1
Thursday	Sahyadri	Nila	18:00	1
Thursday	Sahyadri	Nila	18:30	1
Thursday	Sahyadri	Nila	19:00	1
Thursday	Sahyadri	Nila	19:30	1
Thursday	Sahyadri	Nila	20:00	2
Thursday	Sahyadri	Nila	21:15	1
Thursday	Sahyadri	Nila	22:15	1
Thursday	Sahyadri	Nila	23:15	2
Thursday	Sahyadri	Nila	23:15	2
Friday	Nila	Sahyadri	8:30	2
Friday	Nila	Sahyadri	9:25	1
Friday	Nila	Sahyadri	9:45	1
Friday	Nila	Sahyadri	10:20	1
Friday	Nila	Sahyadri	10:45	1
Friday	Nila	Sahyadri	11:15	1
Friday	Nila	Sahyadri	11:50	2
Friday	Nila	Sahyadri	12:15	1
Friday	Nila	Sahyadri	12:30	2
Friday	Nila	Sahyadri	13:00	2
Friday	Nila	Sahyadri	13:30	2
Friday	Nila	Sahyadri	13:45	2
Friday	Nila	Sahyadri	14:15	1
Friday	Nila	Sahyadri	14:45	1
Friday	Nila	Sahyadri	15:20	1
Friday	Nila	Sahyadri	15:45	1
Friday	Nila	Sahyadri	16:30	1
Friday	Nila	Sahyadri	17:00	1
Friday	Nila	Sahyadri	17:15	2
Friday	Nila	Sahyadri	17:45	1
Friday	Nila	Sahyadri	18:00	1
Friday	Nila	Sahyadri	18:30	1
Friday	Nila	Sahyadri	19:00	1
Friday	Nila	Sahyadri	19:30	1
Friday	Nila	Sahyadri	20:00	2
Friday	Nila	Sahyadri	20:30	1
Friday	Nila	Sahyadri	21:00	1
Friday	Nila	Sahyadri	22:00	1
Friday	Nila	Sahyadri	23:00	1
Friday	Nila	Sahyadri	23:00	1
Friday	Nila	Sahyadri	0:00	1
Friday	Sahyadri	Nila	7:45	1
Friday	Sahyadri	Nila	8:15	1
Friday	Sahyadri	Nila	8:30	2
Friday	Sahyadri	Nila	8:45	1
Friday	Sahyadri	Nila	9:00	2
Friday	Sahyadri	Nila	9:25	1
Friday	Sahyadri	Nila	9:45	1
Friday	Sahyadri	Nila	10:20	2
Friday	Sahyadri	Nila	10:45	1
Friday	Sahyadri	Nila	11:15	1
Friday	Sahyadri	Nila	11:50	2
Friday	Sahyadri	Nila	12:15	1
Friday	Sahyadri	Nila	12:30	2
Friday	Sahyadri	Nila	13:00	1
Friday	Sahyadri	Nila	13:30	2
Friday	Sahyadri	Nila	13:45	2
Friday	Sahyadri	Nila	14:15	1
Friday	Sahyadri	Nila	14:45	1
Friday	Sahyadri	Nila	15:20	2
Friday	Sahyadri	Nila	15:45	1
Friday	Sahyadri	Nila	16:30	1
Friday	Sahyadri	Nila	17:00	1
Friday	Sahyadri	Nila	17:15	2
Friday	Sahyadri	Nila	17:45	1
Friday	Sahyadri	Nila	18:00	1
Friday	Sahyadri	Nila	18:30	1
Friday	Sahyadri	Nila	19:00	1
Friday	Sahyadri	Nila	19:30	1
Friday	Sahyadri	Nila	20:00	2
Friday	Sahyadri	Nila	21:15	1
Friday	Sahyadri	Nila	22:15	1
Friday	Sahyadri	Nila	23:15	2
Friday	Sahyadri	Nila	23:15	2
Saturday	Nila	Sahyadri	8:30	1
Saturday	Nila	Sahyadri	9:00	1
Saturday	Nila	Sahyadri	9:30	1
Saturday	Nila	Sahyadri	10:00	1
Saturday	Nila	Sahyadri	10:30	1
Saturday	Nila	Sahyadri	11:00	1
Saturday	Nila	Sahyadri	11:30	1
Saturday	Nila	Sahyadri	12:00	1
Saturday	Nila	Sahyadri	12:30	1
Saturday	Nila	Sahyadri	13:00	1
Saturday	Nila	Sahyadri	13:30	1
Saturday	Nila	Sahyadri	14:00	1
Saturday	Nila	Sahyadri	14:30	1
Saturday	Nila	Sahyadri	15:00	1
Saturday	Nila	Sahyadri	15:30	1
Saturday	Nila	Sahyadri	16:00	1
Saturday	Nila	Sahyadri	16:30	1
Saturday	Nila	Sahyadri	17:00	1
Saturday	Nila	Sahyadri	17:15	1
Saturday	Nila	Sahyadri	17:30	1
Saturday	Nila	Sahyadri	18:00	1
Saturday	Nila	Sahyadri	18:00	1
Saturday	Nila	Sahyadri	18:30	1
Saturday	Nila	Sahyadri	19:00	1
Saturday	Nila	Sahyadri	19:30	1
Saturday	Nila	Sahyadri	20:00	2
Saturday	Nila	Sahyadri	20:30	1
Saturday	Nila	Sahyadri	21:00	1
Saturday	Nila	Sahyadri	22:00	1
Saturday	Nila	Sahyadri	23:00	1
Saturday	Nila	Sahyadri	0:00	1
Saturday	Sahyadri	Nila	7:30	1
Saturday	Sahyadri	Nila	8:00	1
Saturday	Sahyadri	Nila	8:30	1
Saturday	Sahyadri	Nila	9:00	1
Saturday	Sahyadri	Nila	9:30	1
Saturday	Sahyadri	Nila	10:00	1
Saturday	Sahyadri	Nila	10:30	1
Saturday	Sahyadri	Nila	11:00	1
Saturday	Sahyadri	Nila	11:30	1
Saturday	Sahyadri	Nila	12:00	1
Saturday	Sahyadri	Nila	12:30	1
Saturday	Sahyadri	Nila	13:00	1
Saturday	Sahyadri	Nila	13:30	1
Saturday	Sahyadri	Nila	14:00	1
Saturday	Sahyadri	Nila	14:30	1
Saturday	Sahyadri	Nila	15:00	1
Saturday	Sahyadri	Nila	15:30	1
Saturday	Sahyadri	Nila	16:00	1
Saturday	Sahyadri	Nila	16:30	1
Saturday	Sahyadri	Nila	17:00	1
Saturday	Sahyadri	Nila	17:30	1
Saturday	Sahyadri	Nila	18:00	1
Saturday	Sahyadri	Nila	18:00	1
Saturday	Sahyadri	Nila	18:30	1
Saturday	Sahyadri	Nila	19:00	1
Saturday	Sahyadri	Nila	19:30	1
Saturday	Sahyadri	Nila	20:15	1
Saturday	Sahyadri	Nila	21:15	1
Saturday	Sahyadri	Nila	22:15	1
Saturday	Sahyadri	Nila	23:15	1
Sunday	Nila	Sahyadri	8:45	1
Sunday	Nila	Sahyadri	9:15	1
Sunday	Nila	Sahyadri	10:00	1
Sunday	Nila	Sahyadri	11:00	1
Sunday	Nila	Sahyadri	12:00	1
Sunday	Nila	Sahyadri	12:30	1
Sunday	Nila	Sahyadri	13:15	1
Sunday	Nila	Sahyadri	14:00	1
Sunday	Nila	Sahyadri	15:00	1
Sunday	Nila	Sahyadri	16:00	1
Sunday	Nila	Sahyadri	17:00	1
Sunday	Nila	Sahyadri	18:00	1
Sunday	Nila	Sahyadri	18:30	1
Sunday	Nila	Sahyadri	19:00	1
Sunday	Nila	Sahyadri	19:30	1
Sunday	Nila	Sahyadri	20:00	1
Sunday	Nila	Sahyadri	20:30	1
Sunday	Nila	Sahyadri	21:00	1
Sunday	Nila	Sahyadri	22:00	1
Sunday	Nila	Sahyadri	23:00	1
Sunday	Nila	Sahyadri	0:00	1
Sunday	Sahyadri	Nila	8:00	1
Sunday	Sahyadri	Nila	8:30	1
Sunday	Sahyadri	Nila	9:00	1
Sunday	Sahyadri	Nila	9:30	1
Sunday	Sahyadri	Nila	10:15	1
Sunday	Sahyadri	Nila	11:15	1
Sunday	Sahyadri	Nila	12:15	1
Sunday	Sahyadri	Nila	12:45	1
Sunday	Sahyadri	Nila	13:30	1
Sunday	Sahyadri	Nila	14:15	1
Sunday	Sahyadri	Nila	15:15	1
Sunday	Sahyadri	Nila	16:15	1
Sunday	Sahyadri	Nila	17:15	1
Sunday	Sahyadri	Nila	18:00	1
Sunday	Sahyadri	Nila	18:30	1
Sunday	Sahyadri	Nila	19:00	1
Sunday	Sahyadri	Nila	19:30	1
Sunday	Sahyadri	Nila	20:15	1
Sunday	Sahyadri	Nila	21:15	1
Sunday	Sahyadri	Nila	22:15	1
Sunday	Sahyadri	Nila	23:15	1